1,facebook,1,1,other,lorum ipsum,https://www.instagram.com/p/C9PmXQFPenA/?img_index=1,new,1,1
,facebook,1,1,other,lorum ipsum,https://www.instagram.com/p/C9PmXQFPenA/?img_index=2,resolved,,
,facebook,1,1,other,lorum ipsum,https://www.instagram.com/p/C9PmXQFPenA/?img_index=3,in_process,,
,facebook,1,1,other,lorum ipsum,https://www.instagram.com/p/C9PmXQFPenA/?img_index=4,unresolved,,
,facebook,2,1,other,lorum ipsum,https://www.instagram.com/p/C9PmXQFPenA/?img_index=5,new,,
,facebook,2,1,other,lorum ipsum,https://www.instagram.com/p/C9PmXQFPenA/?img_index=6,resolved,,
,facebook,2,2,other,lorum ipsum,https://www.instagram.com/p/C9PmXQFPenA/?img_index=7,in_process,,
,facebook,2,2,other,lorum ipsum,https://www.instagram.com/p/C9PmXQFPenA/?img_index=8,unresolved,,
,facebook,2,2,other,lorum ipsum,https://www.instagram.com/p/C9PmXQFPenA/?img_index=9,new,,
,facebook,3,2,other,lorum ipsum,https://www.instagram.com/p/C9PmXQFPenA/?img_index=10,resolved,,
,facebook,3,2,other,lorum ipsum,https://www.instagram.com/p/C9PmXQFPenA/?img_index=11,in_process,,
,facebook,3,2,other,lorum ipsum,https://www.instagram.com/p/C9PmXQFPenA/?img_index=12,unresolved,,
,facebook,3,2,other,lorum ipsum,https://www.instagram.com/p/C9PmXQFPenA/?img_index=13,new,,
,instagram,3,2,other,lorum ipsum,https://www.instagram.com/p/C9PmXQFPenA/?img_index=14,resolved,,
,instagram,3,2,other,lorum ipsum,https://www.instagram.com/p/C9PmXQFPenA/?img_index=15,in_process,,
,instagram,4,2,other,lorum ipsum,https://www.instagram.com/p/C9PmXQFPenA/?img_index=16,unresolved,,
,instagram,4,3,other,lorum ipsum,https://www.instagram.com/p/C9PmXQFPenA/?img_index=17,new,,
,instagram,4,3,other,lorum ipsum,https://www.instagram.com/p/C9PmXQFPenA/?img_index=18,resolved,,
,instagram,4,3,other,lorum ipsum,https://www.instagram.com/p/C9PmXQFPenA/?img_index=19,in_process,,
,instagram,4,3,other,lorum ipsum,https://www.instagram.com/p/C9PmXQFPenA/?img_index=20,unresolved,,
,instagram,4,3,other,lorum ipsum,https://www.instagram.com/p/C9PmXQFPenA/?img_index=21,new,,
,instagram,5,3,other,lorum ipsum,https://www.instagram.com/p/C9PmXQFPenA/?img_index=22,resolved,,
,instagram,5,3,other,lorum ipsum,https://www.instagram.com/p/C9PmXQFPenA/?img_index=23,in_process,,
,instagram,5,4,other,lorum ipsum,https://www.instagram.com/p/C9PmXQFPenA/?img_index=24,unresolved,,
,instagram,5,4,other,lorum ipsum,https://www.instagram.com/p/C9PmXQFPenA/?img_index=25,new,,
,instagram,5,4,other,lorum ipsum,https://www.instagram.com/p/C9PmXQFPenA/?img_index=26,resolved,,
,instagram,6,4,other,lorum ipsum,https://www.instagram.com/p/C9PmXQFPenA/?img_index=27,in_process,,
,instagram,6,4,other,lorum ipsum,https://www.instagram.com/p/C9PmXQFPenA/?img_index=28,unresolved,,
,instagram,6,4,other,lorum ipsum,https://www.instagram.com/p/C9PmXQFPenA/?img_index=29,new,,
,instagram,6,4,other,lorum ipsum,https://www.instagram.com/p/C9PmXQFPenA/?img_index=30,resolved,,
,instagram,6,4,other,lorum ipsum,https://www.instagram.com/p/C9PmXQFPenA/?img_index=31,in_process,,
,twitter,7,4,other,lorum ipsum,https://www.instagram.com/p/C9PmXQFPenA/?img_index=32,unresolved,,
,twitter,7,5,other,lorum ipsum,https://www.instagram.com/p/C9PmXQFPenA/?img_index=33,new,,
,twitter,7,5,other,lorum ipsum,https://www.instagram.com/p/C9PmXQFPenA/?img_index=34,resolved,,
,twitter,7,5,other,lorum ipsum,https://www.instagram.com/p/C9PmXQFPenA/?img_index=35,in_process,,
,twitter,7,5,other,lorum ipsum,https://www.instagram.com/p/C9PmXQFPenA/?img_index=36,unresolved,,
,twitter,8,5,other,lorum ipsum,https://www.instagram.com/p/C9PmXQFPenA/?img_index=37,new,,
,twitter,8,5,other,lorum ipsum,https://www.instagram.com/p/C9PmXQFPenA/?img_index=38,resolved,,
,twitter,8,5,other,lorum ipsum,https://www.instagram.com/p/C9PmXQFPenA/?img_index=39,in_process,,
,twitter,8,5,other,lorum ipsum,https://www.instagram.com/p/C9PmXQFPenA/?img_index=40,unresolved,,
,twitter,9,5,other,lorum ipsum,https://www.instagram.com/p/C9PmXQFPenA/?img_index=41,new,,
,twitter,9,6,other,lorum ipsum,https://www.instagram.com/p/C9PmXQFPenA/?img_index=42,resolved,,
,twitter,9,6,other,lorum ipsum,https://www.instagram.com/p/C9PmXQFPenA/?img_index=43,in_process,,
,twitter,9,6,other,lorum ipsum,https://www.instagram.com/p/C9PmXQFPenA/?img_index=44,unresolved,,
,twitter,10,6,other,lorum ipsum,https://www.instagram.com/p/C9PmXQFPenA/?img_index=45,new,,
,twitter,10,6,other,lorum ipsum,https://www.instagram.com/p/C9PmXQFPenA/?img_index=46,resolved,,
,twitter,10,6,other,lorum ipsum,https://www.instagram.com/p/C9PmXQFPenA/?img_index=47,in_process,,
,twitter,10,6,other,lorum ipsum,https://www.instagram.com/p/C9PmXQFPenA/?img_index=48,unresolved,,
,twitter,11,6,other,lorum ipsum,https://www.instagram.com/p/C9PmXQFPenA/?img_index=49,new,,
,instagram,11,7,other,lorum ipsum,https://www.instagram.com/p/C9PmXQFPenA/?img_index=50,resolved,,
,instagram,11,7,other,lorum ipsum,https://www.instagram.com/p/C9PmXQFPenA/?img_index=51,in_process,,
,instagram,12,7,other,lorum ipsum,https://www.instagram.com/p/C9PmXQFPenA/?img_index=52,unresolved,,
,instagram,13,7,other,lorum ipsum,https://www.instagram.com/p/C9PmXQFPenA/?img_index=53,new,,
,instagram,13,7,other,lorum ipsum,https://www.instagram.com/p/C9PmXQFPenA/?img_index=54,resolved,,
,instagram,13,7,other,lorum ipsum,https://www.instagram.com/p/C9PmXQFPenA/?img_index=55,in_process,,
,instagram,13,7,other,lorum ipsum,https://www.instagram.com/p/C9PmXQFPenA/?img_index=56,unresolved,,
,instagram,13,7,other,lorum ipsum,https://www.instagram.com/p/C9PmXQFPenA/?img_index=57,new,,
,instagram,14,7,other,lorum ipsum,https://www.instagram.com/p/C9PmXQFPenA/?img_index=58,resolved,,
,instagram,14,7,other,lorum ipsum,https://www.instagram.com/p/C9PmXQFPenA/?img_index=59,in_process,,
,instagram,14,7,other,lorum ipsum,https://www.instagram.com/p/C9PmXQFPenA/?img_index=60,unresolved,,
,facebook,14,7,other,lorum ipsum,https://www.instagram.com/p/C9PmXQFPenA/?img_index=61,new,,
,facebook,14,7,other,lorum ipsum,https://www.instagram.com/p/C9PmXQFPenA/?img_index=62,resolved,,
,facebook,15,7,other,lorum ipsum,https://www.instagram.com/p/C9PmXQFPenA/?img_index=63,in_process,,
,facebook,15,8,other,lorum ipsum,https://www.instagram.com/p/C9PmXQFPenA/?img_index=64,unresolved,,
,facebook,15,8,other,lorum ipsum,https://www.instagram.com/p/C9PmXQFPenA/?img_index=65,new,,
,facebook,15,8,other,lorum ipsum,https://www.instagram.com/p/C9PmXQFPenA/?img_index=66,resolved,,
,facebook,16,8,other,lorum ipsum,https://www.instagram.com/p/C9PmXQFPenA/?img_index=67,in_process,,
,facebook,16,8,other,lorum ipsum,https://www.instagram.com/p/C9PmXQFPenA/?img_index=68,unresolved,,
,facebook,17,8,other,lorum ipsum,https://www.instagram.com/p/C9PmXQFPenA/?img_index=69,new,,
,facebook,17,8,other,lorum ipsum,https://www.instagram.com/p/C9PmXQFPenA/?img_index=70,resolved,,
,facebook,17,8,other,lorum ipsum,https://www.instagram.com/p/C9PmXQFPenA/?img_index=71,in_process,,
,facebook,17,3,other,lorum ipsum,https://www.instagram.com/p/C9PmXQFPenA/?img_index=72,unresolved,,
,facebook,17,3,other,lorum ipsum,https://www.instagram.com/p/C9PmXQFPenA/?img_index=73,new,,
,facebook,18,3,other,lorum ipsum,https://www.instagram.com/p/C9PmXQFPenA/?img_index=74,resolved,,
,facebook,18,3,other,lorum ipsum,https://www.instagram.com/p/C9PmXQFPenA/?img_index=75,in_process,,
,facebook,18,3,other,lorum ipsum,https://www.instagram.com/p/C9PmXQFPenA/?img_index=76,unresolved,,
,facebook,18,3,other,lorum ipsum,https://www.instagram.com/p/C9PmXQFPenA/?img_index=77,new,,
,instagram,19,3,other,lorum ipsum,https://www.instagram.com/p/C9PmXQFPenA/?img_index=78,resolved,,
,instagram,19,3,other,lorum ipsum,https://www.instagram.com/p/C9PmXQFPenA/?img_index=79,in_process,,
,instagram,19,3,other,lorum ipsum,https://www.instagram.com/p/C9PmXQFPenA/?img_index=80,unresolved,,
,instagram,20,3,other,lorum ipsum,https://www.instagram.com/p/C9PmXQFPenA/?img_index=81,new,,
,instagram,20,5,other,lorum ipsum,https://www.instagram.com/p/C9PmXQFPenA/?img_index=82,resolved,,
,instagram,20,5,other,lorum ipsum,https://www.instagram.com/p/C9PmXQFPenA/?img_index=83,in_process,,
,instagram,20,5,other,lorum ipsum,https://www.instagram.com/p/C9PmXQFPenA/?img_index=84,unresolved,,
,instagram,20,5,other,lorum ipsum,https://www.instagram.com/p/C9PmXQFPenA/?img_index=85,new,,
,instagram,20,5,other,lorum ipsum,https://www.instagram.com/p/C9PmXQFPenA/?img_index=86,resolved,,
,instagram,21,5,other,lorum ipsum,https://www.instagram.com/p/C9PmXQFPenA/?img_index=87,in_process,,
,instagram,21,5,other,lorum ipsum,https://www.instagram.com/p/C9PmXQFPenA/?img_index=88,unresolved,,
,instagram,21,6,other,lorum ipsum,https://www.instagram.com/p/C9PmXQFPenA/?img_index=89,new,,
,instagram,21,6,other,lorum ipsum,https://www.instagram.com/p/C9PmXQFPenA/?img_index=90,resolved,,
,instagram,22,6,other,lorum ipsum,https://www.instagram.com/p/C9PmXQFPenA/?img_index=91,in_process,,
,instagram,22,6,other,lorum ipsum,https://www.instagram.com/p/C9PmXQFPenA/?img_index=92,unresolved,,
,instagram,22,6,other,lorum ipsum,https://www.instagram.com/p/C9PmXQFPenA/?img_index=93,new,,
,instagram,22,6,other,lorum ipsum,https://www.instagram.com/p/C9PmXQFPenA/?img_index=94,resolved,,
,instagram,23,6,other,lorum ipsum,https://www.instagram.com/p/C9PmXQFPenA/?img_index=95,in_process,,
,instagram,23,6,other,lorum ipsum,https://www.instagram.com/p/C9PmXQFPenA/?img_index=96,unresolved,,
,instagram,23,6,other,lorum ipsum,https://www.instagram.com/p/C9PmXQFPenA/?img_index=97,new,,
,instagram,23,6,other,lorum ipsum,https://www.instagram.com/p/C9PmXQFPenA/?img_index=98,resolved,,
,instagram,23,6,other,lorum ipsum,https://www.instagram.com/p/C9PmXQFPenA/?img_index=99,in_process,,
,instagram,23,6,other,lorum ipsum,https://www.instagram.com/p/C9PmXQFPenA/?img_index=100,unresolved,,
,instagram,23,6,other,lorum ipsum,https://www.instagram.com/p/C9PmXQFPenA/?img_index=101,new,,
,instagram,14,6,other,lorum ipsum,https://www.instagram.com/p/C9PmXQFPenA/?img_index=102,resolved,,
,instagram,14,8,other,lorum ipsum,https://www.instagram.com/p/C9PmXQFPenA/?img_index=103,in_process,,
,instagram,14,8,other,lorum ipsum,https://www.instagram.com/p/C9PmXQFPenA/?img_index=104,unresolved,,
,facebook,25,8,other,lorum ipsum,https://www.instagram.com/p/C9PmXQFPenA/?img_index=105,new,,
,facebook,25,8,other,lorum ipsum,https://www.instagram.com/p/C9PmXQFPenA/?img_index=106,resolved,,
,facebook,25,8,other,lorum ipsum,https://www.instagram.com/p/C9PmXQFPenA/?img_index=107,in_process,,
,facebook,25,8,other,lorum ipsum,https://www.instagram.com/p/C9PmXQFPenA/?img_index=108,unresolved,,
,facebook,16,8,other,lorum ipsum,https://www.instagram.com/p/C9PmXQFPenA/?img_index=109,new,,
,facebook,16,8,other,lorum ipsum,https://www.instagram.com/p/C9PmXQFPenA/?img_index=110,resolved,,
,facebook,16,8,other,lorum ipsum,https://www.instagram.com/p/C9PmXQFPenA/?img_index=111,in_process,,
